"model","FH","MAE","MAPE","RMSE"
"brnn","1-steps",1012.07274955764,0.161637738648417,1459.69498301098
"cubist","1-steps",946.493274165135,0.158965312029257,1390.45510306251
"svmRadial","1-steps",1072.37242902152,0.164303972911482,1679.90447495399
"brnn","7-steps",1278.65207713976,0.190978212003172,1805.10766866701
"cubist","7-steps",1289.71357038909,0.193803987591731,1878.30180771186
"svmRadial","7-steps",1224.57966013102,0.191413437261101,1761.98167492085
"brnn","14-steps",1355.71026715095,0.210608824487131,1875.32457221512
"cubist","14-steps",1309.19027650123,0.19669901506626,1873.93694424928
"svmRadial","14-steps",1357.24043580768,0.216420795350913,1857.78277481154
